Category,Name,Platform,Website,Audience_Size,Contact_Email,Contact_Type,Email_Verified,Audience_Level,Outreach_Angle,Priority,Email_Subject,Email_Body
National Federation,FIDE (International Chess Federation),Website,fide.com,"200+ national federations, 2M+ players",marketing@fide.com,Direct Email,YES - confirmed,International,Free training platform for FIDE coaches + partnership,HIGH,Free training tool idea for FIDE community,"Hi FIDE team,

I'm Leon, a 2300-rated chess player, and I built FireChess (firechess.com), a free tool that scans your entire Chess.com or Lichess history, finds the exact openings you keep losing and the tactics you keep missing, then drills those positions until the right moves stick.

If you think it'd be a good fit for your members, just reply and I'll set you up with a free Pro account to try it yourself. You'd also earn 30% recurring commission on anyone who signs up through your link.

Happy to chat whenever.

Leon"
National Federation,US Chess (USCF),Website,uschess.org,90000+ members,office@uschess.org,Direct Email,YES - confirmed,National,Free tool for USCF members + coach partnership,HIGH,Free chess training for US Chess members,"Hi US Chess team,

I'm Leon, a 2300-rated chess player, and I built FireChess (firechess.com) - a free tool that scans your entire Chess.com or Lichess history, finds the exact openings you keep losing and the tactics you keep missing, then drills those positions until the right moves stick

If you think it'd be a good fit for your members, just reply and I'll set you up with a free Pro account to try it yourself. You'd also earn 30% recurring commission on anyone who signs up through your link.

Happy to chat whenever.

Leon"
National Federation,English Chess Federation (ECF),Website,englishchess.org.uk,30000+ members,office@englishchess.org.uk,Direct Email,YES - confirmed,National,Free tool for ECF members + coach Pro access,HIGH,Free training tool for ECF members,"Hi ECF team,

I'm Leon, a 2300-rated chess player, and I built FireChess (firechess.com) - a free tool that scans your entire Chess.com or Lichess history, finds the exact openings you keep losing and the tactics you keep missing, then drills those positions until the right moves stick

If you think it'd be a good fit for your members, just reply and I'll set you up with a free Pro account to try it yourself. You'd also earn 30% recurring commission on anyone who signs up through your link.

Happy to chat whenever.

Leon"
National Federation,German Chess Federation (DSB),Website,schachbund.de,85000+ members,presse@schachbund.com,Direct Email,YES - confirmed,National,Free training tool for German chess community + press,HIGH,Kostenloses Trainingswerkzeug fur DSB-Mitglieder,"Hi DSB press team,

I'm Leon, a 2300-rated chess player, and I built FireChess (firechess.com) - a free tool that scans your entire Chess.com or Lichess history, finds the exact openings you keep losing and the tactics you keep missing, then drills those positions until the right moves stick

If you think it'd be a good fit for your members, just reply and I'll set you up with a free Pro account to try it yourself. You'd also earn 30% recurring commission on anyone who signs up through your link.

Happy to chat whenever.

Leon"
National Federation,French Chess Federation (FFE),Website,ffechecs.fr,50000+ licensed players,contact@ffechecs.fr,Direct Email,YES - confirmed,National,Free training tool for FFE members + coach partnership,HIGH,Outil gratuit pour les joueurs de la FFE,"Hi FFE team,

I'm Leon, a 2300-rated chess player, and I built FireChess (firechess.com) - a free tool that scans your entire Chess.com or Lichess history, finds the exact openings you keep losing and the tactics you keep missing, then drills those positions until the right moves stick.

If you think it'd be a good fit for your members, just reply and I'll set you up with a free Pro account to try it yourself. You'd also earn 30% recurring commission on anyone who signs up through your link.

Happy to chat whenever.

Leon"
National Federation,All India Chess Federation (AICF),Website,aicfchess.org,100000+ registered players,indianchessfed@gmail.com,Direct Email,YES - confirmed,National,Free training tool for AICF members + coach partnership,HIGH,Free chess training for AICF players,"Hi AICF team,

I'm Leon, a 2300-rated chess player, and I built FireChess (firechess.com) - a free tool that scans your entire Chess.com or Lichess history, finds the exact openings you keep losing and the tactics you keep missing, then drills those positions until the right moves stick

If you think it'd be a good fit for your members, just reply and I'll set you up with a free Pro account to try it yourself. You'd also earn 30% recurring commission on anyone who signs up through your link.

Happy to chat whenever.

Leon"
National Federation,Dutch Chess Federation (KNSB),Website,schaakbond.nl,22000+ members,bondsbureau@schaakbond.nl,Direct Email,YES - confirmed,National,Free training tool for KNSB members + coach Pro,MEDIUM,Free training platform for KNSB community,"Hi KNSB team,

I'm Leon, a 2300-rated chess player, and I built FireChess (firechess.com) - a free tool that scans your entire Chess.com or Lichess history, finds the exact openings you keep losing and the tactics you keep missing, then drills those positions until the right moves stick

If you think it'd be a good fit for your members, just reply and I'll set you up with a free Pro account to try it yourself. You'd also earn 30% recurring commission on anyone who signs up through your link.

Happy to chat whenever.

Leon"
National Federation,Polish Chess Federation (PZSzach),Website,pzszach.pl,30000+ members,biuro@pzszach.pl,Direct Email,YES - confirmed,National,Free training tool for Polish chess players,MEDIUM,Free chess training platform for PZSzach,"Hi PZSzach team,

I'm Leon, a 2300-rated chess player, and I built FireChess (firechess.com) - a free tool that scans your entire Chess.com or Lichess history, finds the exact openings you keep losing and the tactics you keep missing, then drills those positions until the right moves stick.

If you think it'd be a good fit for your members, just reply and I'll set you up with a free Pro account to try it yourself. You'd also earn 30% recurring commission on anyone who signs up through your link.

Happy to chat whenever.

Leon"
National Federation,Norwegian Chess Federation (NSF),Website,sjakk.no,15000+ members,nsf@sjakk.no,Direct Email,YES - confirmed,National,Free training tool for Norwegian chess players,MEDIUM,Free chess training for NSF members,"Hi NSF team,

I'm Leon, a 2300-rated chess player, and I built FireChess (firechess.com) - a free tool that scans your entire Chess.com or Lichess history, finds the exact openings you keep losing and the tactics you keep missing, then drills those positions until the right moves stick

If you think it'd be a good fit for your members, just reply and I'll set you up with a free Pro account to try it yourself. You'd also earn 30% recurring commission on anyone who signs up through your link.

Happy to chat whenever.

Leon"
National Federation,Swiss Chess Federation (SSB),Website,swisschess.ch,15000+ members,office@swisschess.ch,Direct Email,YES - confirmed,National,Free training tool for Swiss chess players,MEDIUM,Free training platform for SSB community,"Hi SSB team,

I'm Leon, a 2300-rated chess player, and I built FireChess (firechess.com) - a free tool that scans your entire Chess.com or Lichess history, finds the exact openings you keep losing and the tactics you keep missing, then drills those positions until the right moves stick

If you think it'd be a good fit for your members, just reply and I'll set you up with a free Pro account to try it yourself. You'd also earn 30% recurring commission on anyone who signs up through your link.

Happy to chat whenever.

Leon"
National Federation,Czech Chess Federation (SSCR),Website,chess.cz,18000+ members,sekretariat@chess.cz,Direct Email,YES - confirmed,National,Free training tool for Czech chess players,MEDIUM,Free chess training for SSCR members,"Hi SSCR team,

I'm Leon, a 2300-rated chess player, and I built FireChess (firechess.com) - a free tool that scans your entire Chess.com or Lichess history, finds the exact openings you keep losing and the tactics you keep missing, then drills those positions until the right moves stick

If you think it'd be a good fit for your members, just reply and I'll set you up with a free Pro account to try it yourself. You'd also earn 30% recurring commission on anyone who signs up through your link.

Happy to chat whenever.

Leon"
National Federation,Belgian Chess Federation (FRBE),Website,frbe-kbsb-ksb.be,10000+ members,info@frbe-kbsb-ksb.be,Direct Email,YES - confirmed,National,Free training tool for Belgian chess community,MEDIUM,Free training platform for FRBE members,"Hi FRBE team,

I'm Leon, a 2300-rated chess player, and I built FireChess (firechess.com) - a free tool that scans your entire Chess.com or Lichess history, finds the exact openings you keep losing and the tactics you keep missing, then drills those positions until the right moves stick

If you think it'd be a good fit for your members, just reply and I'll set you up with a free Pro account to try it yourself. You'd also earn 30% recurring commission on anyone who signs up through your link.

Happy to chat whenever.

Leon"
National Federation,Chess Ireland,Website,chess.ie,5000+ members,info@chess.ie,Direct Email,YES - confirmed,National,Free training tool for Irish chess players + coach program,MEDIUM,Free chess training for Irish players,"Hi Chess Ireland team,

I'm Leon, a 2300-rated chess player, and I built FireChess (firechess.com) - a free tool that scans your entire Chess.com or Lichess history, finds the exact openings you keep losing and the tactics you keep missing, then drills those positions until the right moves stick

If you think it'd be a good fit for your members, just reply and I'll set you up with a free Pro account to try it yourself. You'd also earn 30% recurring commission on anyone who signs up through your link.

Happy to chat whenever.

Leon"
National Federation,Chess Scotland,Website,chessscotland.com,5000+ members,president@chessscotland.com,Direct Email,YES - confirmed,National,Free training tool for Scottish chess players,MEDIUM,Free chess training for Chess Scotland members,"Hi Chess Scotland,

I'm Leon, a 2300-rated chess player, and I built FireChess (firechess.com) - a free tool that scans your entire Chess.com or Lichess history, finds the exact openings you keep losing and the tactics you keep missing, then drills those positions until the right moves stick

If you think it'd be a good fit for your members, just reply and I'll set you up with a free Pro account to try it yourself. You'd also earn 30% recurring commission on anyone who signs up through your link.

Happy to chat whenever.

Leon"
National Federation,Hungarian Chess Federation,Website,chess.hu,20000+ members,titkarsag@chess.hu,Direct Email,YES - confirmed,National,Free training tool for Hungarian chess players,MEDIUM,Free training platform for Hungarian chess community,"Hi Hungarian Chess Federation team,

I'm Leon, a 2300-rated chess player, and I built FireChess (firechess.com) - a free tool that scans your entire Chess.com or Lichess history, finds the exact openings you keep losing and the tactics you keep missing, then drills those positions until the right moves stick

If you think it'd be a good fit for your members, just reply and I'll set you up with a free Pro account to try it yourself. You'd also earn 30% recurring commission on anyone who signs up through your link.

Happy to chat whenever.

Leon"
National Federation,Chess South Africa (CHESSA),Website,chessa.co.za,5000+ members,generalsecretary@chessa.co.za,Direct Email,YES - confirmed,National,Free training tool for South African chess players,MEDIUM,Free chess training for CHESSA players,"Hi CHESSA team,

I'm Leon, a 2300-rated chess player, and I built FireChess (firechess.com) - a free tool that scans your entire Chess.com or Lichess history, finds the exact openings you keep losing and the tactics you keep missing, then drills those positions until the right moves stick

If you think it'd be a good fit for your members, just reply and I'll set you up with a free Pro account to try it yourself. You'd also earn 30% recurring commission on anyone who signs up through your link.

Happy to chat whenever.

Leon"
National Federation,Australian Chess Federation (ACF),Website,auschess.org.au,10000+ members,secretary@auschess.org.au,Direct Email,YES - confirmed,National,Free training tool for Australian chess players,MEDIUM,Free training platform for ACF members,"Hi ACF team,

I'm Leon, a 2300-rated chess player, and I built FireChess (firechess.com) - a free tool that scans your entire Chess.com or Lichess history, finds the exact openings you keep losing and the tactics you keep missing, then drills those positions until the right moves stick

If you think it'd be a good fit for your members, just reply and I'll set you up with a free Pro account to try it yourself. You'd also earn 30% recurring commission on anyone who signs up through your link.

Happy to chat whenever.

Leon"
National Federation,New Zealand Chess Federation (NZCF),Website,newzealandchess.co.nz,3000+ members,president@newzealandchess.co.nz,Direct Email,YES - confirmed,National,Free training tool for NZ chess players,MEDIUM,Free chess training for NZCF members,"Hi NZCF team,

I'm Leon, a 2300-rated chess player, and I built FireChess (firechess.com) - a free tool that scans your entire Chess.com or Lichess history, finds the exact openings you keep losing and the tactics you keep missing, then drills those positions until the right moves stick

If you think it'd be a good fit for your members, just reply and I'll set you up with a free Pro account to try it yourself. You'd also earn 30% recurring commission on anyone who signs up through your link.

Happy to chat whenever.

Leon"
Provincial Association,Alberta Chess Association (Canada),Website,albertachess.org,1500+ members,albertachess@gmail.com,Direct Email,YES - confirmed,Regional,Free training tool for Alberta chess players + newsletter mention,MEDIUM,Free chess training for Alberta Chess members,"Hi Alberta Chess team,

I'm Leon, a 2300-rated chess player, and I built FireChess (firechess.com) - a free tool that scans your entire Chess.com or Lichess history, finds the exact openings you keep losing and the tactics you keep missing, then drills those positions until the right moves stick

If you think it'd be a good fit for your members, just reply and I'll set you up with a free Pro account to try it yourself. You'd also earn 30% recurring commission on anyone who signs up through your link.

Happy to chat whenever.

Leon"
State Association,Tennessee Chess Association,Website,tnchess.us,1000+ members,clmullinax@lenoircityschools.net,Direct Email,YES - confirmed,Regional,Free training tool for TN chess players + newsletter,MEDIUM,Free chess training for Tennessee players,"Hi Christina,

I'm Leon, a 2300-rated chess player, and I built FireChess (firechess.com) - a free tool that scans your entire Chess.com or Lichess history, finds the exact openings you keep losing and the tactics you keep missing, then drills those positions until the right moves stick

If you think it'd be a good fit for your members, just reply and I'll set you up with a free Pro account to try it yourself. You'd also earn 30% recurring commission on anyone who signs up through your link.

Happy to chat whenever.

Leon"
State Association,NC Chess Association (NCCA),Website,ncchess.org,2000+ members,secretaryncca@gmail.com,Direct Email,YES - confirmed,Regional,Free training tool for NC chess players + newsletter,MEDIUM,Free chess training for North Carolina players,"Hi NCCA team,

I'm Leon, a 2300-rated chess player, and I built FireChess (firechess.com) - a free tool that scans your entire Chess.com or Lichess history, finds the exact openings you keep losing and the tactics you keep missing, then drills those positions until the right moves stick

If you think it'd be a good fit for your members, just reply and I'll set you up with a free Pro account to try it yourself. You'd also earn 30% recurring commission on anyone who signs up through your link.

Happy to chat whenever.

Leon"
State Association,Georgia Chess Association,Website,georgiachess.org,3000+ members,info@georgiachess.org,Direct Email,YES - confirmed,Regional,Free training tool for Georgia chess players,MEDIUM,Free chess training for Georgia players,"Hi Georgia Chess team,

I'm Leon, a 2300-rated chess player, and I built FireChess (firechess.com) - a free tool that scans your entire Chess.com or Lichess history, finds the exact openings you keep losing and the tactics you keep missing, then drills those positions until the right moves stick

If you think it'd be a good fit for your members, just reply and I'll set you up with a free Pro account to try it yourself. You'd also earn 30% recurring commission on anyone who signs up through your link.

Happy to chat whenever.

Leon"
State Association,Kentucky Chess Association,Website,kychess.org,1000+ members,info@kychess.org,Direct Email,YES - confirmed,Regional,Free training tool for Kentucky chess players,LOW,Free chess training for Kentucky players,"Hi Kentucky Chess team,

I'm Leon, a 2300-rated chess player, and I built FireChess (firechess.com) - a free tool that scans your entire Chess.com or Lichess history, finds the exact openings you keep losing and the tactics you keep missing, then drills those positions until the right moves stick

If you think it'd be a good fit for your members, just reply and I'll set you up with a free Pro account to try it yourself. You'd also earn 30% recurring commission on anyone who signs up through your link.

Happy to chat whenever.

Leon"
Chess Club,Saint Louis Chess Club (SLCC),Website,saintlouischessclub.org,2000+ members,info@saintlouischessclub.org,Direct Email,YES - confirmed,National,Free training tool for SLCC members + coach Pro,HIGH,Free training for Saint Louis Chess Club members,"Hi SLCC team,

I'm Leon, a 2300-rated chess player, and I built FireChess (firechess.com) - a free tool that scans your entire Chess.com or Lichess history, finds the exact openings you keep losing and the tactics you keep missing, then drills those positions until the right moves stick

If you think it'd be a good fit for your members, just reply and I'll set you up with a free Pro account to try it yourself. You'd also earn 30% recurring commission on anyone who signs up through your link.

Happy to chat whenever.

Leon"
Chess Club,Marshall Chess Club (NYC),Website,marshallchessclub.org,500+ active members,td@marshallchessclub.org,Direct Email,YES - confirmed,National,Free training for Marshall members + coach Pro access,HIGH,Free training tool for Marshall Chess Club,"Hi Marshall Chess Club team,

I'm Leon, a 2300-rated chess player, and I built FireChess (firechess.com) - a free tool that scans your entire Chess.com or Lichess history, finds the exact openings you keep losing and the tactics you keep missing, then drills those positions until the right moves stick

If you think it'd be a good fit for your members, just reply and I'll set you up with a free Pro account to try it yourself. You'd also earn 30% recurring commission on anyone who signs up through your link.

Happy to chat whenever.

Leon"
Chess Club,Bay Area Chess (San Jose CA),Website,bayareachess.com,3000+ members,ask@bayareachess.com,Direct Email,YES - confirmed,Regional,Free training tool for Bay Area Chess members + coach Pro,HIGH,Free training for Bay Area Chess players,"Hi Bay Area Chess team,

I'm Leon, a 2300-rated chess player, and I built FireChess (firechess.com) - a free tool that scans your entire Chess.com or Lichess history, finds the exact openings you keep losing and the tactics you keep missing, then drills those positions until the right moves stick

If you think it'd be a good fit for your members, just reply and I'll set you up with a free Pro account to try it yourself. You'd also earn 30% recurring commission on anyone who signs up through your link.

Happy to chat whenever.

Leon"
Chess Club,Charlotte Chess Center (NC),Website,charlottechesscenter.org,500+ members,info@charlottechesscenter.org,Direct Email,YES - confirmed,Regional,Free training for Charlotte members + coach Pro access,MEDIUM,Free training tool for Charlotte Chess Center,"Hi Charlotte Chess Center team,

I'm Leon, a 2300-rated chess player, and I built FireChess (firechess.com) - a free tool that scans your entire Chess.com or Lichess history, finds the exact openings you keep losing and the tactics you keep missing, then drills those positions until the right moves stick

If you think it'd be a good fit for your members, just reply and I'll set you up with a free Pro account to try it yourself. You'd also earn 30% recurring commission on anyone who signs up through your link.

Happy to chat whenever.

Leon"
Chess Club,Boylston Chess Foundation (Boston),Website,boylstonchess.org,200+ members,info@boylstonchess.org,Direct Email,YES - confirmed,Regional,Free training for Boylston members + coach Pro,MEDIUM,Free chess training for Boylston Chess players,"Hi Boylston Chess team,

I'm Leon, a 2300-rated chess player, and I built FireChess (firechess.com) - a free tool that scans your entire Chess.com or Lichess history, finds the exact openings you keep losing and the tactics you keep missing, then drills those positions until the right moves stick

If you think it'd be a good fit for your members, just reply and I'll set you up with a free Pro account to try it yourself. You'd also earn 30% recurring commission on anyone who signs up through your link.

Happy to chat whenever.

Leon"
Chess Club,Nashville Chess Center,Website,nashvillechess.org,500+ members,director@nashvillechess.org,Direct Email,YES - confirmed,Regional,Free training for Nashville members + scholastic outreach,MEDIUM,Free training tool for Nashville Chess Center,"Hi Nashville Chess Center team,

I'm Leon, a 2300-rated chess player, and I built FireChess (firechess.com) - a free tool that scans your entire Chess.com or Lichess history, finds the exact openings you keep losing and the tactics you keep missing, then drills those positions until the right moves stick

If you think it'd be a good fit for your members, just reply and I'll set you up with a free Pro account to try it yourself. You'd also earn 30% recurring commission on anyone who signs up through your link.

Happy to chat whenever.

Leon"
Chess Club,Edinburgh Chess Club (Scotland),Website,edinburghchessclub.co.uk,200+ members,curator@edinburghchessclub.co.uk,Direct Email,YES - confirmed,Regional,Free training for Edinburgh Chess Club members,MEDIUM,Free training tool for Edinburgh Chess Club,"Hi Edinburgh Chess Club team,

I'm Leon, a 2300-rated chess player, and I built FireChess (firechess.com) - a free tool that scans your entire Chess.com or Lichess history, finds the exact openings you keep losing and the tactics you keep missing, then drills those positions until the right moves stick

If you think it'd be a good fit for your members, just reply and I'll set you up with a free Pro account to try it yourself. You'd also earn 30% recurring commission on anyone who signs up through your link.

Happy to chat whenever.

Leon"
Chess Club,Toronto Chess Club (Canada),Website,torontochessclub.com,300+ members,info@torontochessclub.com,Direct Email,YES - confirmed,Regional,Free training tool for Toronto Chess Club members,MEDIUM,Free chess training for Toronto Chess Club,"Hi Toronto Chess Club team,

I'm Leon, a 2300-rated chess player, and I built FireChess (firechess.com) - a free tool that scans your entire Chess.com or Lichess history, finds the exact openings you keep losing and the tactics you keep missing, then drills those positions until the right moves stick

If you think it'd be a good fit for your members, just reply and I'll set you up with a free Pro account to try it yourself. You'd also earn 30% recurring commission on anyone who signs up through your link.

Happy to chat whenever.

Leon"
Chess Club,Bristol Chess (UK),Website,bristolchess.co.uk,200+ members,bristolchess@gmail.com,Direct Email,YES - confirmed,Regional,Free training tool for Bristol chess community,LOW,Free chess training for Bristol Chess members,"Hi Bristol Chess team,

I'm Leon, a 2300-rated chess player, and I built FireChess (firechess.com) - a free tool that scans your entire Chess.com or Lichess history, finds the exact openings you keep losing and the tactics you keep missing, then drills those positions until the right moves stick

If you think it'd be a good fit for your members, just reply and I'll set you up with a free Pro account to try it yourself. You'd also earn 30% recurring commission on anyone who signs up through your link.

Happy to chat whenever.

Leon"
Chess Publisher,New In Chess (Netherlands),Website,newinchess.com,50000+ customers,nic@newinchess.com,Direct Email,YES - confirmed,International,Cross-promote FireChess to NIC readers + review,HIGH,Your readers would love this - quick pitch,"Hi New In Chess team,

I'm Leon, a 2300-rated chess player, and I built FireChess (firechess.com) - a free tool that scans your entire Chess.com or Lichess history, finds the exact openings you keep losing and the tactics you keep missing, then drills those positions until the right moves stick

I think your readers would love it. Happy to write a short piece, provide review access, or explore any cross-promotion that makes sense.

Worth a look?

Leon
firechess.com"
Chess Publisher,Gambit Publications (UK),Website,gambitbooks.com,10000+ book buyers,info@gambitbooks.com,Direct Email,YES - confirmed,International,Cross-promote FireChess to Gambit readers,HIGH,Your readers would love this - quick pitch,"Hi Gambit Publications team,

I'm Leon, a 2300-rated chess player, and I built FireChess (firechess.com) - a free tool that scans your entire Chess.com or Lichess history, finds the exact openings you keep losing and the tactics you keep missing, then drills those positions until the right moves stick

I'd love to explore any cross-promotion or co-marketing opportunity. Happy to offer review access.

Worth a quick chat?

Leon
firechess.com"
Chess Magazine,British Chess Magazine,Website,britishchessmagazine.co.uk,5000+ subscribers,support@britishchessmagazine.co.uk,Direct Email,YES - confirmed,International,BCM feature or cross-promo for FireChess,HIGH,Quick pitch for BCM readers - free AI chess tutor,"Hi BCM team,

I'm Leon, a 2300-rated chess player, and I built FireChess (firechess.com) - a free tool that scans your entire Chess.com or Lichess history, finds the exact openings you keep losing and the tactics you keep missing, then drills those positions until the right moves stick

Happy to offer a demo, write a short piece, or explore a cross-promotion.

Leon
firechess.com"
Chess Magazine,American Chess Magazine,Website,acmchess.com,3000+ subscribers,office@acmchess.com,Direct Email,YES - confirmed,National,ACM feature or cross-promo for FireChess,HIGH,Quick pitch for ACM readers - free AI chess tutor,"Hi American Chess Magazine team,

I'm Leon, a 2300-rated chess player, and I built FireChess (firechess.com) - a free tool that scans your entire Chess.com or Lichess history, finds the exact openings you keep losing and the tactics you keep missing, then drills those positions until the right moves stick

Happy to offer a demo, write a short intro piece, or explore any cross-promotion.

Leon
firechess.com"
Chess Platform,Chess.com,Online Platform,chess.com,"150M+ registered users, 20M+ active",bizdev@chess.com,Direct Email,YES - confirmed,International,Integration or partnership discussion with Chess.com,HIGH,Quick partnership idea - FireChess + Chess.com,"Hi Chess.com bizdev team,

I'm Leon, a 2300-rated chess player, and I built FireChess (firechess.com) - a free tool that scans your entire Chess.com or Lichess history, finds the exact openings you keep losing and the tactics you keep missing, then drills those positions until the right moves stick

I'd love to explore if there's a partnership or integration that could work for both platforms.

Happy to set up a quick call.

Leon
firechess.com"
Chess Platform,ChessBase Germany,Online Platform,chessbase.com,100000+ users,info@chessbase.com,Direct Email,YES - confirmed,International,Partnership or cross-promotion with ChessBase,HIGH,Partnership idea - FireChess + ChessBase,"Hi ChessBase team,

I'm Leon, a 2300-rated chess player, and I built FireChess (firechess.com) - a free tool that scans your entire Chess.com or Lichess history, finds the exact openings you keep losing and the tactics you keep missing, then drills those positions until the right moves stick

I'd love to explore any partnership or promotional opportunity that could work for both platforms.

Happy to chat.

Leon
firechess.com"
Chess Platform,ChessTempo,Online Platform,chesstempo.com,500000+ registered users,support@chesstempo.com,Direct Email,YES - confirmed,International,Integration or partnership with ChessTempo community,HIGH,Quick idea - FireChess + ChessTempo,"Hi ChessTempo team,

I'm Leon, a 2300-rated chess player, and I built FireChess (firechess.com) - a free tool that scans your entire Chess.com or Lichess history, finds the exact openings you keep losing and the tactics you keep missing, then drills those positions until the right moves stick

I'd love to explore if there's a partnership or cross-promotion that could work well for both platforms.

Happy to chat.

Leon
firechess.com"
Chess Platform,ChessGames.com,Online Platform,chessgames.com,200000+ registered users,chess@chessgames.com,Direct Email,YES - confirmed,International,Cross-promo with ChessGames community,MEDIUM,Quick pitch - FireChess + ChessGames.com,"Hi ChessGames team,

I'm Leon, a 2300-rated chess player, and I built FireChess (firechess.com) - a free tool that scans your entire Chess.com or Lichess history, finds the exact openings you keep losing and the tactics you keep missing, then drills those positions until the right moves stick

I'd love to explore any cross-promotion or partnership that could work for both of us.

Leon
firechess.com"
Chess Platform,Chessify (AI analysis app),Online Platform,chessify.me,100000+ users,info@chessify.me,Direct Email,YES - confirmed,International,Partnership with Chessify - complementary tools,MEDIUM,Quick pitch - FireChess + Chessify partnership,"Hi Chessify team,

I'm Leon, a 2300-rated chess player, and I built FireChess (firechess.com) - a free tool that scans your entire Chess.com or Lichess history, finds the exact openings you keep losing and the tactics you keep missing, then drills those positions until the right moves stick

I'd love to explore if there's a partnership or cross-promotion that could work for both platforms.

Happy to chat.

Leon
firechess.com"
Chess Platform,Forward Chess (digital books),Online Platform,forwardchess.com,200000+ users,info@forwardchess.com,Direct Email,YES - confirmed,International,Cross-promotion with Forward Chess users,MEDIUM,Quick pitch - FireChess + Forward Chess,"Hi Forward Chess team,

I'm Leon, a 2300-rated chess player, and I built FireChess (firechess.com) - a free tool that scans your entire Chess.com or Lichess history, finds the exact openings you keep losing and the tactics you keep missing, then drills those positions until the right moves stick

I'd love to explore any cross-promotion or partnership that could work for both of us.

Leon
firechess.com"
Chess Platform,Remote Chess Academy (GM Igor Smirnov),Website + Online Platform,chess-teacher.com,100000+ students,contact@remotechessacademy.com,Direct Email,YES - confirmed,International,Partnership with RCA - coach referral program,HIGH,Quick partner idea - FireChess + Remote Chess Academy,"Hi Remote Chess Academy team,

I'm Leon, a 2300-rated chess player, and I built FireChess (firechess.com) - a free tool that scans your entire Chess.com or Lichess history, finds the exact openings you keep losing and the tactics you keep missing, then drills those positions until the right moves stick

I'd love to explore a partnership - whether that's a cross-promo, a referral arrangement, or just introducing FireChess to your community. Happy to offer GM Smirnov a free Pro account.

Leon
firechess.com"
Chess Platform,Chess Publishing (chesspublishing.com),Online Platform,chesspublishing.com,50000+ subscribers,support@chesspublishing.com,Direct Email,YES - confirmed,International,Cross-promo with Chess Publishing subscribers,MEDIUM,Quick pitch - FireChess for chess opening fans,"Hi Chess Publishing team,

I'm Leon, a 2300-rated chess player, and I built FireChess (firechess.com) - a free tool that scans your entire Chess.com or Lichess history, finds the exact openings you keep losing and the tactics you keep missing, then drills those positions until the right moves stick

I'd love to explore any cross-promotion or partnership that could work for both platforms.

Leon
firechess.com"
Chess Platform,Listudy (open-source spaced repetition),Online Platform,listudy.org,30000+ users,arne@listudy.org,Direct Email,YES - confirmed,International,Open-source collaboration or cross-promo with Listudy,MEDIUM,Quick pitch - FireChess + Listudy partnership,"Hi Arne,

I'm Leon, a 2300-rated chess player, and I built FireChess (firechess.com) - a free tool that scans your entire Chess.com or Lichess history, finds the exact openings you keep losing and the tactics you keep missing, then drills those positions until the right moves stick

I'd love to explore any cross-promotion or collaboration between our platforms. Our users overlap a lot - improvers who take training seriously.

Happy to chat.

Leon
firechess.com"
Chess Platform,ChessBase News (German editorial),Website + Newsletter,chessbase.de,100000+ readers,redaktion@chessbase.de,Direct Email,YES - confirmed,International,Media coverage of FireChess on ChessBase.de,HIGH,Kurze Anfrage - FireChess fur ChessBase.de Leser,"Hi ChessBase.de editorial team,

I'm Leon, a 2300-rated chess player, and I built FireChess (firechess.com) - a free tool that scans your entire Chess.com or Lichess history, finds the exact openings you keep losing and the tactics you keep missing, then drills those positions until the right moves stick

I'd love to offer a demo or provide materials for a short write-up for your readers. Happy to answer any questions.

Leon
firechess.com"
Chess Media,The Chess Drum (African chess news),Website + Newsletter,thechessdrum.net,100000+ readers,webmaster@thechessdrum.net,Direct Email,YES - confirmed,International,Media coverage of FireChess on The Chess Drum,MEDIUM,Quick pitch for The Chess Drum readers - free training tool,"Hi Chess Drum,

I'm Leon, a 2300-rated chess player, and I built FireChess (firechess.com) - a free tool that scans your entire Chess.com or Lichess history, finds the exact openings you keep losing and the tactics you keep missing, then drills those positions until the right moves stick

I think your readers would love it. Happy to offer a demo or provide materials for a short write-up.

Leon
firechess.com"
Chess Media,The Week in Chess (TWIC),Newsletter,theweekinchess.com,5000+ subscribers,mdcrowth@btinternet.com,Direct Email,YES - confirmed,International,TWIC mention or newsletter feature for FireChess,HIGH,Quick pitch for TWIC readers - free AI chess tutor,"Hi Mark,

I'm Leon, a 2300-rated chess player, and I built FireChess (firechess.com) - a free tool that scans your entire Chess.com or Lichess history, finds the exact openings you keep losing and the tactics you keep missing, then drills those positions until the right moves stick

Happy to offer a demo or a short blurb if you ever include tools in the newsletter.

Leon
firechess.com"
Chess Media,AttackingChess.com (Vietnam),Website + YouTube,attackingchess.com,50000+ readers,hxb4693@gmail.com,Direct Email,YES - confirmed,International,Media coverage of FireChess or cross-promo,MEDIUM,Quick pitch - FireChess for attacking chess fans,"Hi AttackingChess team,

I'm Leon, a 2300-rated chess player, and I built FireChess (firechess.com) - a free tool that scans your entire Chess.com or Lichess history, finds the exact openings you keep losing and the tactics you keep missing, then drills those positions until the right moves stick

Happy to offer a demo or arrange any cross-promotion that works for you.

Leon
firechess.com"
Chess Media,TheChessWorld.com,Website + Newsletter,thechessworld.com,100000+ readers,support@thechessworld.com,Direct Email,YES - confirmed,International,Media coverage or cross-promo with TheChessWorld,MEDIUM,Quick pitch - FireChess for chess improvers,"Hi TheChessWorld team,

I'm Leon, a 2300-rated chess player, and I built FireChess (firechess.com) - a free tool that scans your entire Chess.com or Lichess history, finds the exact openings you keep losing and the tactics you keep missing, then drills those positions until the right moves stick

Happy to offer a demo, provide a write-up, or explore any cross-promotion.

Leon
firechess.com"
Chess Coach,GingerGM (GM Simon Williams),Website + YouTube,gingergm.com,100000+ YouTube subs,sales@gingergm.com,Direct Email,YES - confirmed,International,Free Pro + 30% commission for GingerGM partner program,HIGH,Free Pro + 30% commission - FireChess partner program,"Hey Simon,

I'm Leon, a 2300-rated chess player, and I built FireChess (firechess.com) - a free chess training platform. We're building our partner program and you'd be a great fit.

You'd get a free Pro account plus 30% recurring commission on any players who sign up through your link. Tactics, openings, endgames and an AI tutor - your audience would love it.

Takes 10 seconds to try. Interested?

Leon
firechess.com"
Chess Coach,Susan Polgar (GM),Website + Social,susanpolgar.com,50000+ followers,susanpolgar@aol.com,Direct Email,YES - confirmed,International,Free Pro + 30% commission for Susan Polgar partner program,HIGH,Free Pro + 30% commission - FireChess partner program,"Hey Susan,

I'm Leon, a 2300-rated chess player, and I built FireChess (firechess.com) - a free chess training platform. We're building our partner program and would love to have you on board.

You'd get a free Pro account plus 30% recurring commission on any players who sign up through your link. Tactics, openings, endgames and an AI tutor that explains every puzzle.

Interested?

Leon
firechess.com"
Chess Coach,The Chess Website (Kevin Butler),Website + YouTube,thechesswebsite.com,500000+ YouTube subs,thechesswebsite@gmail.com,Direct Email,YES - confirmed,International,Free Pro + 30% commission for partner program,HIGH,Free Pro + 30% commission - FireChess partner program,"Hey Kevin,

I'm Leon, a 2300-rated chess player, and I built FireChess (firechess.com) - a free chess training platform. Love your channel. We're building our partner program and you'd be a perfect fit.

Free Pro account for you plus 30% recurring commission on any players who sign up through your link. Tactics, openings, endgames and an AI puzzle tutor.

Takes 10 seconds to try. Interested?

Leon
firechess.com"
Chess Coach,Apollo Masters (representing GothamChess / Levy Rozman),Talent Agency,apollomasters.de,7500000+ YouTube subs (Levy),info@apollomasters.de,Direct Email,YES - confirmed,International,GothamChess partner program via Apollo Masters,HIGH,FireChess + Levy Rozman - quick partnership pitch,"Hi Apollo Masters team,

I'm Leon and I'm Leon, a 2300-rated chess player, and I built FireChess (firechess.com) - a free chess training platform. I'd love to explore a partnership with Levy.

We'd set up a free Pro account for him, a custom promo code for his audience, and 30% recurring commission on every subscriber who comes through his link.

Happy to discuss details.

Leon
firechess.com"
Chess Coach,Dragon Knight Chess (IM Jonathan Schroer),Website,dragonknightchess.com,2000+ students,info@dragonknightchess.com,Direct Email,YES - confirmed,Regional,Free Pro + commission for Dragon Knight Chess coaches,MEDIUM,Free Pro + 30% commission - FireChess partner program,"Hey Jonathan,

I'm Leon, a 2300-rated chess player, and I built FireChess (firechess.com) - a free tool that scans your entire Chess.com or Lichess history, finds the exact openings you keep losing and the tactics you keep missing, then drills those positions until the right moves stick

You'd get a free Pro account plus 30% recurring commission on any students who sign up through your link. Tactics, openings, endgames and an AI tutor.

Interested?

Leon
firechess.com"
Chess Coach,Dan Heisman (IM Author and Instructor),Website,danheisman.com,30000+ Chess.com column readers,danheisman@comcast.net,Direct Email,YES - confirmed,National,Free Pro + commission for Dan Heisman partner program,MEDIUM,Free Pro + 30% commission - FireChess partner program,"Hey Dan,

I'm Leon, a 2300-rated chess player, and I built FireChess (firechess.com) - a free tool that scans your entire Chess.com or Lichess history, finds the exact openings you keep losing and the tactics you keep missing, then drills those positions until the right moves stick

We'd love to set you up with a free Pro account plus 30% recurring commission on any players who sign up through your link. Tactics, openings and our new AI puzzle tutor.

Interested?

Leon
firechess.com"
Chess Equipment,House of Staunton (Huntsville AL),Website,houseofstaunton.com,100000+ customers,customerservice@houseofstaunton.com,Direct Email,YES - confirmed,National,Affiliate or cross-promo with House of Staunton customers,MEDIUM,Affiliate idea - FireChess + House of Staunton,"Hi House of Staunton team,

I'm Leon, a 2300-rated chess player, and I built FireChess (firechess.com) - a free tool that scans your entire Chess.com or Lichess history, finds the exact openings you keep losing and the tactics you keep missing, then drills those positions until the right moves stick

I'd love to explore a cross-promo or affiliate arrangement - your link in our platform and a FireChess mention to your buyers. Happy to work something out that benefits both sides.

Leon
firechess.com"
Chess Equipment,Chess House (San Diego CA),Website,chesshouse.com,50000+ customers,contact@chesshouse.com,Direct Email,YES - confirmed,National,Affiliate or cross-promo with Chess House customers,MEDIUM,Affiliate idea - FireChess + Chess House,"Hi Chess House team,

I'm Leon, a 2300-rated chess player, and I built FireChess (firechess.com) - a free tool that scans your entire Chess.com or Lichess history, finds the exact openings you keep losing and the tactics you keep missing, then drills those positions until the right moves stick

I'd love to explore a cross-promo or affiliate deal - your link in our platform and a FireChess mention to your buyers. Happy to work something out.

Leon
firechess.com"
Chess Equipment,Wholesale Chess (Huntsville AL),Website,wholesalechess.com,100000+ customers,info@wholesalechess.com,Direct Email,YES - confirmed,National,Affiliate or cross-promo with Wholesale Chess customers,MEDIUM,Affiliate idea - FireChess + Wholesale Chess,"Hi Wholesale Chess team,

I'm Leon, a 2300-rated chess player, and I built FireChess (firechess.com) - a free tool that scans your entire Chess.com or Lichess history, finds the exact openings you keep losing and the tactics you keep missing, then drills those positions until the right moves stick

I'd love to explore a cross-promo or affiliate arrangement that could work for both of us.

Leon
firechess.com"
Chess Equipment,USCF Sales (Huntsville AL),Website,uscfsales.com,90000+ members/buyers,sales@uscfsales.com,Direct Email,YES - confirmed,National,Affiliate or cross-promo with USCF Sales customers,MEDIUM,Affiliate idea - FireChess + USCF Sales,"Hi USCF Sales team,

I'm Leon, a 2300-rated chess player, and I built FireChess (firechess.com) - a free tool that scans your entire Chess.com or Lichess history, finds the exact openings you keep losing and the tactics you keep missing, then drills those positions until the right moves stick

I'd love to explore a cross-promo or affiliate arrangement that works for both sides.

Leon
firechess.com"
Chess Equipment,ChessBaron (UK Somerset),Website,chessbaron.co.uk,20000+ customers,chessbaron@gmail.com,Direct Email,YES - confirmed,National,Affiliate or cross-promo with ChessBaron customers,LOW,Affiliate idea - FireChess + ChessBaron,"Hi ChessBaron team,

I'm Leon, a 2300-rated chess player, and I built FireChess (firechess.com) - a free tool that scans your entire Chess.com or Lichess history, finds the exact openings you keep losing and the tactics you keep missing, then drills those positions until the right moves stick

I'd love to explore a cross-promo or affiliate arrangement if you're open to it.

Leon
firechess.com"
Chess Equipment,The Chess Store (Hillsboro OR),Website,thechessstore.com,200000+ customers,sales@thechessstore.com,Direct Email,YES - confirmed,National,Affiliate or cross-promo with The Chess Store customers,MEDIUM,Affiliate idea - FireChess + The Chess Store,"Hi The Chess Store team,

I'm Leon, a 2300-rated chess player, and I built FireChess (firechess.com) - a free tool that scans your entire Chess.com or Lichess history, finds the exact openings you keep losing and the tactics you keep missing, then drills those positions until the right moves stick

I'd love to explore a cross-promo or affiliate arrangement that works for both of us.

Leon
firechess.com"
Chess Education,Chess for Schools (UK),Website,chessforschools.co.uk,5000+ school programs,john.upham@zen.co.uk,Direct Email,YES - confirmed,National,Free platform for UK school chess programs,HIGH,Free chess training for your school programs - FireChess,"Hi John,

I'm Leon, a 2300-rated chess player, and I built FireChess (firechess.com) - a free tool that scans your entire Chess.com or Lichess history, finds the exact openings you keep losing and the tactics you keep missing, then drills those positions until the right moves stick

I'd love to offer free access for your school programs and teachers. Happy to set up a school account.

Let me know if you're interested.

Leon
firechess.com"
Chess Education,Chess in Schools and Communities (CSC / London Chess Classic),Website,chessinschools.co.uk,30000+ students,info@chessinschools.co.uk,Direct Email,YES - confirmed,National,Free platform for CSC students and teachers,HIGH,Free chess training for your students - FireChess,"Hi CSC team,

I'm Leon, a 2300-rated chess player, and I built FireChess (firechess.com) - a free tool that scans your entire Chess.com or Lichess history, finds the exact openings you keep losing and the tactics you keep missing, then drills those positions until the right moves stick

I'd love to offer free access for your students and teachers and set up a school account.

Leon
firechess.com"
Chess Tournament,Tata Steel Chess Tournament (Netherlands),Website,tatasteelchess.com,80000+ in-person and online audience,info@tatasteelchess.com,Direct Email,YES - confirmed,International,Cross-promo with Tata Steel Chess audience,HIGH,Quick pitch for Tata Steel chess fans - FireChess,"Hi Tata Steel Chess team,

I'm Leon and I'm Leon, a 2300-rated chess player, and I built FireChess (firechess.com) - a free tool that scans your entire Chess.com or Lichess history, finds the exact openings you keep losing and the tactics you keep missing, then drills those positions until the right moves stick

Happy to discuss whatever might work.

Leon
firechess.com"